2024/11/28
17:16:25,ICDmini Connect,OK,ICDmini3.0,V1.02,ICD SN:J01H217115,No0
17:16:25,ICDmini Connect,OK,ICDmini3.0,V1.02,ICD SN:J01H98038,No1
17:16:28,RUN
17:16:28,Reset,OK,ICDmini3.0,V1.02,ICD SN:J01H217115,No0
17:16:28,Reset,OK,ICDmini3.0,V1.02,ICD SN:J01H98038,No1
17:16:29,Erase,OK,ICDmini3.0,V1.02,ICD SN:J01H217115,No0
17:16:29,Erase,OK,ICDmini3.0,V1.02,ICD SN:J01H98038,No1
17:16:31,Write,OK,ICDmini3.0,V1.02,ICD SN:J01H217115,No0
17:16:31,Verify,OK,ICDmini3.0,V1.02,ICD SN:J01H217115,No0,Check Sum
17:16:31,Write,OK,ICDmini3.0,V1.02,ICD SN:J01H98038,No1
17:16:31,Verify,OK,ICDmini3.0,V1.02,ICD SN:J01H98038,No1,Check Sum
17:17:17,ICDmini Disconnect
17:17:20,Multi Programmer end.
17:17:42,Multi Programmer start.
17:18:01,Multi Programmer end.
17:18:37,Multi Programmer end.
17:19:45,Multi Programmer start.
17:20:40,ICDmini Connect,OK,ICDmini3.0,V1.02,ICD SN:J01H217115,No0
17:20:40,ICDmini Connect,OK,ICDmini3.0,V1.02,ICD SN:J01H98038,No1
17:20:42,ICDmini Disconnect
17:20:44,Multi Programmer end.
17:21:19,Multi Programmer start.
